-- phpMyAdmin SQL Dump
-- version 5.2.1
-- https://www.phpmyadmin.net/
--
-- Host: 127.0.0.1
-- Generation Time: Dec 01, 2024 at 04:49 PM
-- Server version: 10.4.32-MariaDB
-- PHP Version: 8.0.30

SET SQL_MODE = "NO_AUTO_VALUE_ON_ZERO";
START TRANSACTION;
SET time_zone = "+00:00";


/*!40101 SET @OLD_CHARACTER_SET_CLIENT=@@CHARACTER_SET_CLIENT */;
/*!40101 SET @OLD_CHARACTER_SET_RESULTS=@@CHARACTER_SET_RESULTS */;
/*!40101 SET @OLD_COLLATION_CONNECTION=@@COLLATION_CONNECTION */;
/*!40101 SET NAMES utf8mb4 */;

--
-- Database: `ucheque`
--

-- --------------------------------------------------------

--
-- Table structure for table `employee`
--

CREATE TABLE `employee` (
  `employeeId` int(100) NOT NULL,
  `firstName` varchar(50) NOT NULL,
  `middleName` varchar(50) DEFAULT NULL,
  `lastName` varchar(50) NOT NULL,
  `emailAddress` varchar(100) NOT NULL,
  `phoneNumber` int(11) DEFAULT NULL,
  `designation` varchar(50) DEFAULT NULL,
  `password` varchar(255) NOT NULL,
  `profile_picture` longblob DEFAULT NULL,
  `userStatus` enum('active','deactivated') NOT NULL DEFAULT 'active',
  `role_Id` int(11) DEFAULT NULL,
  `role` varchar(100) NOT NULL
) ENGINE=InnoDB DEFAULT CHARSET=utf8mb4 COLLATE=utf8mb4_general_ci;

--
-- Dumping data for table `employee`
--

INSERT INTO `employee` (`employeeId`, `firstName`, `middleName`, `lastName`, `emailAddress`, `phoneNumber`, `designation`, `password`, `profile_picture`, `userStatus`, `role_Id`, `role`) VALUES
(2024300987, 'Olivia ', 'V', 'Rodrigo', 'olivia@gmail.com', 2147483647, NULL, '$2y$10$XcoIH4LHMKNOKLjTjJhUCOS2vvCswEC65dNhbqd5FujZIVxBh6GY.', NULL, 'active', NULL, 'Faculty'),
(2024301568, 'Phoebe', 'R', 'Smith', 'phoebe@gmail.com', 987625273, NULL, '$2y$10$6UECMk9CZgBEvIpLOe2wD.8Sqr7gopTXL6jT3OXVvVwiVj9fao.zm', NULL, 'active', NULL, ''),
(2024306578, 'Zendaya', 'S', 'Coleman', 'zendaya@gmail.com', 2147483647, NULL, '$2y$10$PItQfHjPE.khGBoQi.uaUOM8yG5S7DZ1qQMi4/tCdjJG1zEg/3732', NULL, 'active', NULL, 'Faculty'),
(2024307241, 'jiro', 'M', 'Velez', 'jiro@gmail.com', 2147483647, NULL, '', NULL, 'active', NULL, ''),
(2024307278, 'Shakira', 'G', 'Morales', 'Shakira@gmail.com', 2147483647, NULL, '$2y$10$3PPMt6VsXoziYew/MyO0xOik8Cy4oEGErdgA7t4WmDkC5ViUMoWcu', NULL, 'active', NULL, 'Faculty'),
(2024307764, 'Ariana', 'B', 'Grande', 'ariana@gmail.com', 2147483647, NULL, '$2y$10$Wmf2UUf1cgrAr2xFLZRTXeO56esT85LEoMEA2IIJGsd6mENYMrJPW', NULL, 'active', NULL, ''),
(2024308743, 'Miller', 'D', 'Dog', 'Miller@gmail.com', 2147483647, NULL, '$2y$10$2u5Y2eHlzb.hA.oMuwh2deXe3/tFz7T.0dhrpMcteHOLEyCNM39KS', NULL, 'active', NULL, ''),
(2024315634, 'Caroline', 'S', 'Tsu', 'caroline@gmail.com', 2147483647, NULL, '', NULL, 'active', NULL, '');

-- --------------------------------------------------------

--
-- Table structure for table `faculty_dtr`
--

CREATE TABLE `faculty_dtr` (
  `dtr_Id` int(11) NOT NULL,
  `employeeId` int(11) DEFAULT NULL,
  `faculty_week_number` int(11) DEFAULT NULL,
  `faculty_week_total` decimal(10,2) DEFAULT NULL,
  `dtr_file` longblob DEFAULT NULL,
  `dtr_filename` varchar(255) DEFAULT NULL,
  `academic_year` varchar(9) DEFAULT NULL,
  `academic_sem` enum('1st Semester','2nd Semester','Summer Semester') DEFAULT NULL,
  `academic_month` varchar(20) DEFAULT NULL,
  `import_date` timestamp NOT NULL DEFAULT current_timestamp()
) ENGINE=InnoDB DEFAULT CHARSET=utf8mb4 COLLATE=utf8mb4_general_ci;

-- --------------------------------------------------------

--
-- Table structure for table `faculty_load`
--

CREATE TABLE `faculty_load` (
  `itl_Id` int(11) NOT NULL,
  `faculty_credit` decimal(10,2) NOT NULL,
  `designation_load_released` decimal(10,2) NOT NULL,
  `file` longblob NOT NULL,
  `filename` varchar(255) NOT NULL,
  `designation_itl` varchar(100) NOT NULL,
  `academic_year` varchar(9) NOT NULL,
  `academic_sem` enum('1st Semester','2nd Semester','Summer Semester') NOT NULL,
  `import_date` datetime DEFAULT current_timestamp(),
  `employeeId` int(11) NOT NULL
) ENGINE=InnoDB DEFAULT CHARSET=utf8mb4 COLLATE=utf8mb4_general_ci;

--
-- Dumping data for table `faculty_load`
--

INSERT INTO `faculty_load` (`itl_Id`, `faculty_credit`, `designation_load_released`, `file`, `filename`, `designation_itl`, `academic_year`, `academic_sem`, `import_date`, `employeeId`) VALUES
(7, 17.25, 12.00, 0x504b0304140002000800ee367a597466697ca9010000c103000010000000646f6350726f70732f6170702e786d6c9d53d18adb30107ccf5708bd9fe524a59420eb28b9961eb43490dcf55995d7b1385b12da3d93f4eb2bdb492e97100af59335333bccc86b79bf6b1bd64144eb5dc1a759ce1938e34bebb6057fda7cbdfbc4199276a56ebc8382ef01f9bd9a30b98a3e40240bc89285c382d7446121049a1a5a8d59a25d622a1f5b4de918b7c2579535f0e0cd6b0b8ec42ccf3f0ad811b812cabb7032e493d172d1d1ffba96def401f179b30fc9b00ffc3984c61a4da9a8fa614df4e82b625f76061a29cec9a44d666b30afd1d25ee5529c1f13bb36ba8165b257956e10a4780312fb0d747f7b2b6d23a63363b2a34507867c6468ffa43b9c71f65b23f4d10adee968b5233e480fe2113a2023d604a4a87ef9f8823500a11427f03028ae266f79d90f6a3ec8d3cb8de1111842f79dc44529b9b1d400feac563ad28d96f3f39643d2f38e63f475df657adde5bd60f62fc1fc427099fe32ad5cfa3668b7578fae0324eb084c9d19dfb2476732298e74527eb7ee059fc2c63f6882e3f77e0ff61b51eb08655a93d3469c807e23d215c4a69f59d6da6da13caaae89714f9fc7ff514d67599e9e613d8fd8448ab75f4f4dfe02504b0304140002000800ee367a59a667ba2a340100006e02000011000000646f6350726f70732f636f72652e786d6c9d92cb6ec2301045f77c45e47de2241484ac24a80f5815a952a9a8baa92c7b0856e3876cb781bfaf09908260d5a57dcf1ccf8c5c4cb7b2897ec03aa15589b224451128a6b9507589de96f3788222e7a9e2b4d10a4ab40387a6d5a06086306de1c56a03d60b70511029479829d1c67b4330766c0392ba24102a846b6d25f5e1686b6c28fba235e03c4dc75882a79c7a8af7c2d8f446745472d62bcdb76d3a0167181a90a0bcc35992e13fd68395ee6641979c9152f89d819be829ece9ad133dd8b66dd20e3b34f49fe1f7c5f36b376a2cd47e550c5035880ace08b340bdb6d57d3efb9ca95a2828f0d97580c21a1beafc222c7c2d803fec2ed8ebb4f376831c2cc0a3d01a390c724a56c3c7a7e51c55799adfc55916e7e3653a26a311c9271ffb062eeacf95f2f8d0bf9d2741f820f8ea8754835f504b0304140002000800ee367a59b61c4069ed000000560200000b0000005f72656c732f2e72656c73ad92cd4ec3300c80ef7d8ac8f7d5db9010424d774148bb21541ec024ee8fdac65112a07b7bc205a8c460078e71eccf9f2d5787659ed42b873888d3b02bb7a0d819b183eb343c35f79b1b503191b33489630d278e70a88bea91274ab926f6838f2a435cd4d0a7e46f11a3e979a6588a67977f5a0933a5fc0c1d7a3223758cfbedf61ac37706d4855a51d5d16a08477b05aa3979be842e6d3b18be13f332b34b3f34415e123bcb76e343ae0f69c8e3a88642c7498315f390c311c9fb32a341e139a9fde552e747c69913594a844602ffaef491f187d3ee3f17b5cef8125a267c93303e8b8c9f3a15aeaea12ede01504b0304140002000800ee367a59f0b039bf5d010000960200000f000000786c2f776f726b626f6f6b2e786d6c8d51d14e8330147ddf57347d77b00ee6b2c0961835eec59838b7e74a2fa35969495b64fb7b2f2013134d7cea39977bce3df7926ccea5221f609d343aa5b3694809e8cc08a98f297ddb3dde2c29719e6bc195d190d20b38ba594f92c6d8d3bb3127827aed525a785fad82c0650594dc4d4d051abfe4c696dc23b5c7c05516b87005802f55c0c27011945c6ada3bacec7f3c4c9ecb0cee4d5697a07d6f6241718fe95d212b47d71392e452c1be5f89f0aa7ae625063f2b4a1477fe41480f22a51152d3c08f82adabbb5aaa96c4e18292a0751b367db14440ce6be577986f1880376311634373dbb897d03824e45bdb96c8f920b5304d4a598457be0c2c8a29693a7c90c21768182d17d7da13c863e153ba8c97e1d78c603c24e90efa35aec34477fbbeb678863faf7db7b81262bb9208ec56cc7aabdf246c24612309fb5b321f49e623c97c087ccd98645c6578c8f6e932b1f896c55d5b120cc75a4f3e01504b0304140002000800ee367a595046d15cda050000742a000018000000786c2f776f726b7368656574732f7368656574312e786d6ca59adb72e2381086eff3142edf2f589265c929c854324c26e7d9dad3bd0322500398b53dc9ccdbaf4f9083f5b70c9b9b40d45fabd5eefe23d91e7dfab95e79cf26cb97e966ecb341e07b66334d67cbcdd3d8fffbafcbdfb4efe545b29925ab7463c6fe2f93fb9fce4e462f69f63d5f185378a5834d3ef61745b13d1d0ef3e9c2ac937c906ecda61c99a7d93a29caafd9d330df662699d5d07a35e441100dd7c972e3371e4eb33e3ed2f97c39359374fa636d3645e32433aba428c3cf17cb6dee97b1cd96e560b5202f33f3b17fce4e2f98ef0dcb917af27f96e6253f3bf1bcd7af5e913cfe6956665a98599905dfab96f798a6dfabc1ebf24f815f0115525b55be93f2d7b3f96c56ab6a8a324bffb6b3d55395a6c3bdfb72e6e1dba99b892feb75fd9e7933334f7eac8a3fd2972bb37c5a146504e180cbca8f77329aa6ab26daf283b75e6eeaf8d6c9cf26cee5ac588c7d11ec26dd1bf1d688ef8d98ea1889d648bc1ae98e51d81a857b23ce3a46b235929451d41a457ba3ee6caab551848d6e6df4eb6461c7286e8d62c2110b76a90c5e33d075c5f61967d4f2d82ee78c53f964bbacb33769175db35dde5948ad609778263f588d864de534c536498aa426b3f4c5cbeadac9b749d5b8ec94fb4dbd96436f4db8db44744caad8aa91f36aa89ea62ce7bc1d2a079fcf82d1f0b9b51c4ead5e43ec35445e99d3abc45e25f2ca9d5e237792149cf842d513f3eec4e2e3c43b6402911021b7109108b98348e4cc88c679d6c8ab82cb858846c80d4462b85c883077b5c6f8f2c6d02d830bc60c87171833b08eee30133a975ca9255a733d66770ccbed33014530530404ebe9928060457d252058535718e20182ae090896cc0d01e19a21205c340404e5e79e8060453c1010ac886f04a4dc45cd88a266d0b1c6458da118d727844480eb13430cd7278638ae4f0c095c9f180af1b5c490745f4b8eff09d56395e3b76d3c08da1f14cf458b89f792ccb98a9dece7fd94ddb510f2862142de1a287c67ee0cf0eb71d81511a2c62574d45c37364c864eee968811ef0730140658e730c470995bca0aafaa5be878073e6102c6e3ded7326213cec26e07f11e1d14da3a886919f5e8a010ae056f950928c41d141ed7410d26df5f472e5d1d844394b8832c21ca1e1d64c1e2a04707e11823dc411852b88330a4f14e0143316e3b4b2dc607b41d3e4cde32098f5b015e0486dc275b16c1681eea31bbe31e22a00811505d11103d4440594480a920e03d44001f640911c0102102ea381150c789000e911001759c08a8234500c7488800860811c0102102182244c0528be21015d0840ac05b0a11a10218eaa10231a102f0b41fb95580e3d3fe1d8727ae08b6e43d01b9ef3d707c4c3be7acab49ee2de2458b7dd0a42856daad491c1e5322d8bb130282cd74d942876a528b1daa494488b075af6d21f6d0241bd647938818a152dc11508c2b16420a773301e1f380ad1685eaaf491c9f7c6f393ca0288e578121e18e061f4f1e383c9ea81e2a10129a0437844ae22b8c21f72d6f4e3c5be0b2ab49b2872649db61494452f6d024b89954f8463b0169ac49f2384d925d4d6203e9badd408418634d92c769923c5293608c3ac09a8421862b16431ccb8ba5acf401ea824f1a5f383c6968810b28eaa699c91e1514592a4839ffad5ddbe6e3ee8afdd672efcf8b87c8323e494d38dcbbea10d7a73a2801dd80347125f143378903d2962bc90fc810debe5ef1183da0d56e711678fb3a117027aaa1527e2120ac942d141eb635bd21e6c2772f3114e3bb97b60065ffcb27189165b8118a19ce328638ceb26527c9dc37e86f89c9f0c33002c20fc304fb7f7d2b389167b8558b25ce3386f05944705b3547ce34e3b9144e3386344eb3f52183ee5dcda2c7bb2fc41d72017793316cdb0b0c3162b34751ee9b0682d8b98a66af10d93c73bc0a8212781504e53e0d8888584584f323f12a082ac2ab2028f70368a17a141df1768d20de62d160f6f6bdc4e6edb0d1367932f749f6b4dce4decacc4b37c1a00c2a6b5e4aac3f17e9b6fe545eafc7b428d2f5eedbc224339355dfcade99a769b1ff52bf8bb67f5ff4ece43f504b0304140002000800ee367a591557319615010000d101000018000000786c2f776f726b7368656574732f7368656574322e786d6c8d914d4fc3300c86effb1596ef34ddf8d4d46e429a2638202104dcb3d669a3357195780cfe3d692ba671dbcd4fecf7f5478af5b7ebe08b42b4ec4b9c673902f98a6beb9b123fdeb7570f0851b4af75c79e4afca188ebd5ac3872d8c796482019f858622bd22f958a554b4ec78c7bf2296338382d0943a3621f48d7a3c8756a91e777ca69eb717258864b3cd8185bd186ab83232f9349a04e4b1a3fb6b68fb89a4151db941d368240a6c4c739821adec7de9f968e31119c310cebec98f7033cd725e683029244fdd34c8aed38d06b809a8c3e74f2c6c727b24d2be98037d9e2f6bcdb468b9eb0d70dbde8d0581fa123938af3ec1e214cc23116eec72839ec5884dd1fb5e9701406ba4630cc7282645da8d367ac66bf504b0304140002000800ee367a591557319615010000d101000018000000786c2f776f726b7368656574732f7368656574332e786d6c8d914d4fc3300c86effb1596ef34ddf8d4d46e429a2638202104dcb3d669a3357195780cfe3d692ba671dbcd4fecf7f5478af5b7ebe08b42b4ec4b9c673902f98a6beb9b123fdeb7570f0851b4af75c79e4afca188ebd5ac3872d8c796482019f858622bd22f958a554b4ec78c7bf2296338382d0943a3621f48d7a3c8756a91e777ca69eb717258864b3cd8185bd186ab83232f9349a04e4b1a3fb6b68fb89a4151db941d368240a6c4c739821adec7de9f968e31119c310cebec98f7033cd725e683029244fdd34c8aed38d06b809a8c3e74f2c6c727b24d2be98037d9e2f6bcdb468b9eb0d70dbde8d0581fa123938af3ec1e214cc23116eec72839ec5884dd1fb5e9701406ba4630cc7282645da8d367ac66bf504b0304140002000800ee367a591cdb64ed8f030000940c000014000000786c2f736861726564537472696e67732e786d6ccd576d8fda3810fede5f31e2532b951002bb77bb02da9004c82924283157f1a9f2265e703771d2d8e91dfdf567a07b2f9ac0b1952a5548288ce7e5996726e361f4eecf22872fac96bc14e34edf303bc0445a665c6cc79d3599757fed80545464342f051b77f64c76de4d5e8da454a04d851c77764a55f7bd9e4c77aca0d2282b26f4c963591754e99ff5b627ab9ad14cee185345deb34cf3b657502e3a90968d503aac79d78146f0cf0d73fe911ca2f0c9484d9c2808bcb907d10cfc7016c54b9bf85108c47316611444f30dd8a10b4eb45cad891fce473d3519f5b4e9b3fdcc76d601d94010d92e3ef4e38440e22dbd8478f15b489c451405b0f1ec182cd31a76f5d70db6a26993ab3d84b460f7e8741dc4beb380c0f36066c07a83145c26f95650a549c7d6b694fc40b90258d5e52393b2ac6188d4622a9ebedb38515435129bcf9a3cef125e3074b2a49fb42797cb945739172d59fbe254739d141096ee449997db3d52f374e973b0b3acd6e0b09781650e6eacbbf78d5495c1b2c6a87618bd6eb5acc931c8a479f8c452754e0e84ab17587d2b32923b659eb32df6b3a8a5d1bb529ae8809a28dc19742f91b0b52071591658b35434c795715b72c8b04ba7661957578bdb5c7c60eca925d9a2a5039b0c67ea7a73e89bc38bbdb5a4826e59c1748febb9049ac9a6e6fa5de402d40e23f2e77ed216072342925fee0726d84be86a4ca747a4b26a1e729e1e40a8b2c6bd1ef4cd5b1ca86229a739ff7aca478fbc5a32c07a8e4f1cfc1efac49a7e24354daf48a07f6f9ab03a24707b7a421ad6a03b342d247ec2a220c660a6813b7f1d78f8c027837eff6215f5a06a6a2a52f69f225ec781f61edfb473f0e10207c3331c98775d4c00463f3087af5be104f401866f70a52e40199c81f2e379bb6de78dec7e1ee2c87711376c21ceb157098942ef70171e2f80036731938cd6e90eac6b59d3ae3fae31c7b39681613e0f0ceb0c5012113b38bba238b1e7faa4655c25fe3c3cae3d6f8f6b0cc45ee0d989e7828e853fcf0f1757214888f69810dfc183236c8a075643f9a8996315ad69eb6535be60e7e4544a26afb0b1f5faa907fac90212fe955d6174bce8be992cf400854a87fda3edf2391f90309aeef4a20b6bc1d5cb91fe1d36a3fb2b8c9df2f816b72c4e7aff28b8522c83e9be65a3abaabafc72e6f0ff37cdd880dfd6a15e666d0302bd276bf5a85d2b72bc6013c2d480a91d4fa3c47ee942042ea3b8497e776cec6975a0b17fe8937fbfb43dfdaf62f2ea2f504b0304140002000800ee367a59fe389667ef010000c90700000d000000786c2f7374796c65732e786d6ced955d6bdb301486eff32b84ee17256de376c576e90681c15606cda0b7722427027d184b0ef17efd8e2cc5769bb6816eb9db4dfceae8e839c7e13d567ab75712ed786d85d1199e4f671871bd364ce84d867fad969f6e30b28e6a46a5d13cc32db7f82e9fa4d6b5923f6e39770808da6678eb5c754b885d6fb9a2766a2aae61a734b5a20e96f586d8aae694597f484972319b254451a1713e41a96ed452398bd6a6d12ec3973e880e61141edf1874985c6114a05f0d8386a061f266eee245eef4ddece4283ba6a724b6e77569f4d0e775ecd3077394dadf684725b0ba8350842a1e22f7b5a032044baa846c43f802fb08e98eff077d0c7473560efa62243b050b22d84348d9db637eb0070421bda2cef15a2f6185a25eb515584dc36c851aa44b9d44d1110b533318d097cc10ce53c94b47f2b4169bad7f3a53c16f619c330a04137463349520493ce1e191e9f59a4bf9e8a7f9a93caab12f470332f3e3a17b09ed4519606111c665cc3cd418e1af3f8c47fb72a8f30ee1ea3401d1aa92ed43a30a5e2fbbb1f7ef8d4e8017ff141cbf66e7412fce874ece851efdd3c95f81830747f6ebec7864f07e07f9b1cff083a7c85185a211d209fdaab93b36db0fbe3e5c178e1670393e2b085b8c97b4916ed56f6678d03f38138dfadc67fd143be362d6a0bffb219f275d99940c77703ef903504b0304140002000800ee367a59a92653e25a010000c2050000130000005b436f6e74656e745f54797065735d2e786d6ccd945d4fc2301885eff9154d6fcd56c0c418b3c1851f974a22fe80dabe630d5ddbf47d41f8f7769b1a35062490e8cd9aa53be7393bfd28a69bc6b2354434de957c940f3903a7bc366e51f2a7f95d76c91992745a5aefa0e45b403e9d0c8af93600b2247658f29a285c0981aa864662ee03b83453f9d8484aaf712182544bb900311e0e2f84f28ec05146ad079f0c182b1e52846834b0998c742f9b44121b2b281942ff1ce5c992b3eb5edbe24b2e43b046494ad9c5dae96fe0cc579551a0bd5a354992773667ad8bd8c544da5ac0a3691822488d35003536ef4d3fc16fa0922b4bec7693007df9112c1e867c6b354fcaee1bac4dd803d9fd5b7bcb79f171f9ecfdf2d4f5b463de48e3f6ac4fd2cfa20f2812ede80cd0d6a2416721594224f365857634d0c545d10de31357f1e17f7894f3ff1365f47751b09611f423c574859dfc187ff6feed56553ec2e139decf76abfe618316a2bb81278357504b0304140002000800ee367a598b93560bee000000610300001a000000786c2f5f72656c732f776f726b626f6f6b2e786d6c2e72656c73bdd3cd6ac3300c07f07b9ec2e8be38495919234e2f63d0ebd63d8071943834b18da57de4ed670aeb1a58e90ea5272319fffd43d8f5e66b1ac507461abc5350e6050874c6b783eb15bced9eef1e40106bd7ead13b543023c1a6c9ea171c35a733648740228538526099c3a394642c4e9a721fd0a59dcec749732a632f83367bdda3ac8a622de36906349958a48a6dab206edb1588dd1cf03fe9beeb06834fdebc4fe8f88f4be4a78f7bb2889c4275ec91151c5b240fcb2a4fa920e4394f75634f75c153ded8535ef0acafe921ab23b6af1cd37ba45fd3a2fde3116740f75705f13ce2a9e4501f4752cbc5c768b26f504b01020000140002000800ee367a597466697ca9010000c1030000100000000000000001008000000000000000646f6350726f70732f6170702e786d6c504b01020000140002000800ee367a59a667ba2a340100006e0200001100000000000000010080000000d7010000646f6350726f70732f636f72652e786d6c504b01020000140002000800ee367a59b61c4069ed000000560200000b000000000000000100800000003a0300005f72656c732f2e72656c73504b01020000140002000800ee367a59f0b039bf5d010000960200000f0000000000000001008000000050040000786c2f776f726b626f6f6b2e786d6c504b01020000140002000800ee367a595046d15cda050000742a00001800000000000000010080000000da050000786c2f776f726b7368656574732f7368656574312e786d6c504b01020000140002000800ee367a591557319615010000d10100001800000000000000010080000000ea0b0000786c2f776f726b7368656574732f7368656574322e786d6c504b01020000140002000800ee367a591557319615010000d10100001800000000000000010080000000350d0000786c2f776f726b7368656574732f7368656574332e786d6c504b01020000140002000800ee367a591cdb64ed8f030000940c00001400000000000000010080000000800e0000786c2f736861726564537472696e67732e786d6c504b01020000140002000800ee367a59fe389667ef010000c90700000d0000000000000001008000000041120000786c2f7374796c65732e786d6c504b01020000140002000800ee367a59a92653e25a010000c205000013000000000000000100800000005b1400005b436f6e74656e745f54797065735d2e786d6c504b01020000140002000800ee367a598b93560bee000000610300001a00000000000000010080000000e6150000786c2f5f72656c732f776f726b626f6f6b2e786d6c2e72656c73504b0506000000000b000b00cb0200000c1700000000, 'Morales.xlsx', 'Assistant  Professor 4', '2024-2025', '1st Semester', '2024-12-01 21:51:17', 2024300987),
(8, 33.50, 0.00, 0x504b0304140002000800f9367a597466697ca9010000c103000010000000646f6350726f70732f6170702e786d6c9d53d18adb30107ccf5708bd9fe524a59420eb28b9961eb43490dcf55995d7b1385b12da3d93f4eb2bdb492e97100af59335333bccc86b79bf6b1bd64144eb5dc1a759ce1938e34bebb6057fda7cbdfbc4199276a56ebc8382ef01f9bd9a30b98a3e40240bc89285c382d7446121049a1a5a8d59a25d622a1f5b4de918b7c2579535f0e0cd6b0b8ec42ccf3f0ad811b812cabb7032e493d172d1d1ffba96def401f179b30fc9b00ffc3984c61a4da9a8fa614df4e82b625f76061a29cec9a44d666b30afd1d25ee5529c1f13bb36ba8165b257956e10a4780312fb0d747f7b2b6d23a63363b2a34507867c6468ffa43b9c71f65b23f4d10adee968b5233e480fe2113a2023d604a4a87ef9f8823500a11427f03028ae266f79d90f6a3ec8d3cb8de1111842f79dc44529b9b1d400feac563ad28d96f3f39643d2f38e63f475df657adde5bd60f62fc1fc427099fe32ad5cfa3668b7578fae0324eb084c9d19dfb2476732298e74527eb7ee059fc2c63f6882e3f77e0ff61b51eb08655a93d3469c807e23d215c4a69f59d6da6da13caaae89714f9fc7ff514d67599e9e613d8fd8448ab75f4f4dfe02504b0304140002000800f9367a59661213b8350100006e02000011000000646f6350726f70732f636f72652e786d6c9d92cb6ec2301045f77c45e47de22414545949501fb02a52a552b5eaa6b2ec21588d1fb2dd06febe26901404ab2eed7be67866e462b6954df403d609ad4a9425298a4031cd85aa4bf4ba5ac4b728729e2a4e1bada0443b7068568d0a6608d3169ead3660bd00170591728499126dbc370463c73620a94b02a142b8d656521f8eb6c686b22f5a03ced3748a2578caa9a7782f8ccd604447256783d27cdba6137086a10109ca3b9c2519fe633d58e9ae1674c9092985df19b88af6e1406f9d18c0b66d9376dca1a1ff0cbf2f9f5eba5163a1f6ab6280aa515470469805eab5adeef2f9e75cd54241814fae0314d6d850e79761e16b01fc7e77c65ea69db71be460011e85d6c861903e791b3f3cae16a8cad3fc26ceb2389faed229994cc824fdd83770567faa94c787feedec05e183e08b1f528d7e01504b0304140002000800f9367a59b61c4069ed000000560200000b0000005f72656c732f2e72656c73ad92cd4ec3300c80ef7d8ac8f7d5db9010424d774148bb21541ec024ee8fdac65112a07b7bc205a8c460078e71eccf9f2d5787659ed42b873888d3b02bb7a0d819b183eb343c35f79b1b503191b33489630d278e70a88bea91274ab926f6838f2a435cd4d0a7e46f11a3e979a6588a67977f5a0933a5fc0c1d7a3223758cfbedf61ac37706d4855a51d5d16a08477b05aa3979be842e6d3b18be13f332b34b3f34415e123bcb76e343ae0f69c8e3a88642c7498315f390c311c9fb32a341e139a9fde552e747c69913594a844602ffaef491f187d3ee3f17b5cef8125a267c93303e8b8c9f3a15aeaea12ede01504b0304140002000800f9367a59f0b039bf5d010000960200000f000000786c2f776f726b626f6f6b2e786d6c8d51d14e8330147ddf57347d77b00ee6b2c0961835eec59838b7e74a2fa35969495b64fb7b2f2013134d7cea39977bce3df7926ccea5221f609d343aa5b3694809e8cc08a98f297ddb3dde2c29719e6bc195d190d20b38ba594f92c6d8d3bb3127827aed525a785fad82c0650594dc4d4d051abfe4c696dc23b5c7c05516b87005802f55c0c27011945c6ada3bacec7f3c4c9ecb0cee4d5697a07d6f6241718fe95d212b47d71392e452c1be5f89f0aa7ae625063f2b4a1477fe41480f22a51152d3c08f82adabbb5aaa96c4e18292a0751b367db14440ce6be577986f1880376311634373dbb897d03824e45bdb96c8f920b5304d4a598457be0c2c8a29693a7c90c21768182d17d7da13c863e153ba8c97e1d78c603c24e90efa35aec34477fbbeb678863faf7db7b81262bb9208ec56cc7aabdf246c24612309fb5b321f49e623c97c087ccd98645c6578c8f6e932b1f896c55d5b120cc75a4f3e01504b0304140002000800f9367a59c53d720b34070000fb39000018000000786c2f776f726b7368656574732f7368656574312e786d6ca59b5b779b3810c7dff32938bcaf8dae889c243d752ecdc549f7eced9dda38f6a96dbc4093eeb75fc0d8698bfe23207da91df41b8dc4e8cf8c90cf3e7cdfacbd9724cb57e9f6dc67a3c0f792ed2c9dafb6cfe7fedf7fddfc667c2f2fe2ed3c5ea7dbe4dcff2fc9fd0f172767af69f6355f2649e19506b6f9b9bf2c8adde9789ccf96c926ce47e92ed996571669b6898bf26bf63cce775912cf6b68b31ef320d0e34dbcdafa7b0ba759171be962b19a2557e9ecdb26d9167b2359b28e8bd2fd7cb9dae57ee9db7c555eac06e465c9e2dcffc84e27ccf7c6e595baf37f56c96b7e71e2796f5fbd22fef267b24e6645322f67c1f7aae17d49d3afd5c5bbf24f815f011552b7aa6cc7e57f2fc965b25e575d94b3f46fd35bdd55d9747c345ff63cfeb1eb7dc737f5b87ecfbc79b288bfad8b3fd2d7db64f5bc2c4a0fe488abca8e7772364bd77b6fcb0fde66b5adfddbc4dff77eaee6c5f2dc17c1a1d36323de34e2c7462c6c35124d23f1d6c8b41ac9a6913c36e2acd548358d14d548378df4b151bbb7b06913126d4cd3c6bc75265b8da2a651441862c1612a83b719689b62c71967d4f0d861ced9dba473de6e76987526c84e0ff3ce243582c3c433f54babb3f13e72f6c1761517714d66e9ab97d5b193efe26ae1b253eeefe3b5bcf46313ee6e225a4d2adfaa2b1fab4b75376538e7cda5f2e2cb4570367e695a8e6756ab125b95c82a735a55d8aa4256b9d3aa764f52083b9e8475c7bcddb1f8b5e3037205118990078828844c21a29d3362f03c1b643584c3858841c83d4422385c883077b446f8f646d02c8303c60c87371833308ea69891ce21576a89c65c5fb31b86e17649401ace1401c178ba212018519f0808c6d42d867880a03b028221734f4038660808070d0141f979242018114f040423e2330185eea06644503368d8e0a0c65084e3134222c0f1892186e313431cc72786048e4f0c497c2f31a4dcf792e387507dad32fce3321e05cd3fe4cfa4c1c4cf321e062670b297c72edb6321e40d4384bced21f95373a7839f1a4cfd944f9425088ddd122e1a1c42161795d3c57b1b16b9e7fe81f011e703189201d6390c31ac7318e2786d58625184702edacb03e7ed4f4c408784dbb0240c4b68b843c681b3f72953d0b0c2370b43ee149769425e745b5e780779d156796181e9202f1a8e0527d60464b0bce861f2a287c90b7631c2f2a287c98b1e282fd047156079c110c3118b218ee5054302cb8b251645d4435e4242057031da41050c61d8b49de63d7c8e088181b592220406436e81e1b8c0fac883b6c0b8d7e0a4c15a02c3dc8be392c3bc5a618121202c300dd457601aacafc0102e6281b1b9d841606c581781c13e6a2c300484058680b0c0101016185b2c0add7db1725caa3d71583768b7c0704e18e6ef12188e73ae29873997c60243401d0486d863e5b22d30b283c0488bc070a195ee20303037d484c060881018394c60645b60c428740a0c76911018394c60e44081813e8684c0608810180ce15ac716565cf65877b87278e0b00808ddb50e278a006e2902548725642d027414f20e4b08667aa1c44b08430a2fa16145001f5604102e6abc848615017c601140f818e22584218397108622fc8c869009f0ba7b6711c04362ddc122c0e09d120272bfa6e344e5c0df573970a272e0b0083002df630cb9331841540ec25239b81fce1311d85549b993824b01d3430305e68a80e092bf11c32a0731ac72205c842bfe4e0cab1cc4c0ca81f0110acc9480a0c03c622882ee3d11101481cfb658eca34a02570e0f02560e11ae7f08c89d4208a2dc10ef2b3704516e08583944f82d1e01b9dfc708a2dc10967223eca04ad2ae4abac3fb180113d108bf8f2120fc3e460c2b37841ca64ad845fc3e460c2b37c4c07283f011bf8fc110c35d3d5214ce33280a9729b670ec254c44992214f648e0711054873c4213d2a4df274d21214d21761a6f8550947b2f4410279684698b93e9204e06885387bd10411c46c29b21148577431aaab73c9961f244f888b7436c3e76d12733509fb0930cef875014de10a12822e52028bce76a0b4919f458b5112150c4413789c74150ee9442e242e74906ef12288993c4a964d869983b3c5294fb6492c469e2b5e4d8325ef7d2729882bbcbb94fd2724e448891727077b6fea47b317e96b62438123d6e254e83afa4c05307e5e8bea1ba4e41db2349dc4c9c7ae03383f7d29289f558d812671eb7129e8c66dc7de25a6a62f2351e2a94be6b8a1238da076d58de539d41559b5214ce606c2e9a1ef73024661a2747f828e53545e172a7a164c7177bc70708d51bdeaba028bc59d150c317b021e61a3f9af1f1cd6b8a6278ae07e5450f54671c4f3541e19d4c9b8b7da23a72ffb84211fb9d0a1fdbc6074f2714854fb05394bb04518c18c53e77d036cb211e0541e123cb1415b947419cba55384fc1472a2714c5f02808cafdaa40890e5147ec6729fc108727289b9f07ee7fa475b68b9f93c7387b5e6d736f9d2c4a33c1a814ad6cffdbc0fa7391eeea4fe5f3f94b5a14e9e6f06d99c4f324abbe95c358a46971fc52ff24ecf8b3cd8b93ff01504b0304140002000800f9367a591557319615010000d101000018000000786c2f776f726b7368656574732f7368656574322e786d6c8d914d4fc3300c86effb1596ef34ddf8d4d46e429a2638202104dcb3d669a3357195780cfe3d692ba671dbcd4fecf7f5478af5b7ebe08b42b4ec4b9c673902f98a6beb9b123fdeb7570f0851b4af75c79e4afca188ebd5ac3872d8c796482019f858622bd22f958a554b4ec78c7bf2296338382d0943a3621f48d7a3c8756a91e777ca69eb717258864b3cd8185bd186ab83232f9349a04e4b1a3fb6b68fb89a4151db941d368240a6c4c739821adec7de9f968e31119c310cebec98f7033cd725e683029244fdd34c8aed38d06b809a8c3e74f2c6c727b24d2be98037d9e2f6bcdb468b9eb0d70dbde8d0581fa123938af3ec1e214cc23116eec72839ec5884dd1fb5e9701406ba4630cc7282645da8d367ac66bf504b0304140002000800f9367a591557319615010000d101000018000000786c2f776f726b7368656574732f7368656574332e786d6c8d914d4fc3300c86effb1596ef34ddf8d4d46e429a2638202104dcb3d669a3357195780cfe3d692ba671dbcd4fecf7f5478af5b7ebe08b42b4ec4b9c673902f98a6beb9b123fdeb7570f0851b4af75c79e4afca188ebd5ac3872d8c796482019f858622bd22f958a554b4ec78c7bf2296338382d0943a3621f48d7a3c8756a91e777ca69eb717258864b3cd8185bd186ab83232f9349a04e4b1a3fb6b68fb89a4151db941d368240a6c4c739821adec7de9f968e31119c310cebec98f7033cd725e683029244fdd34c8aed38d06b809a8c3e74f2c6c727b24d2be98037d9e2f6bcdb468b9eb0d70dbde8d0581fa123938af3ec1e214cc23116eec72839ec5884dd1fb5e9701406ba4630cc7282645da8d367ac66bf504b0304140002000800f9367a591b3af68496030000de0f000014000000786c2f736861726564537472696e67732e786d6ccd576d6fda4810fede5f31e2d39d54c038dc358980dec636c12763237b49954fd5c6de821bbf75779d3bfaebbb862657694c6bda443a21217bdef799d9f1cce4edbf79060f5cc8b42ca6bdd1c0e8012fe232498bcdb4b7a6f3fe790fa46245c2b2b2e0d3de8ecbdedbd9ab89940ab46a21a7bdad52d5e57028e32dcf991c94152f34e7432972a6f4abd80c6525384be49673956743d330fe1ce62c2d7a109775a1b4dbf1b80775917eaab9f51fa5f192ce266a66059ee75c3b10ccc1f5e741b824d40d7ca08eb5f0032fb8be05e2db6005cbd59abafef564a86693a1567dd49f136bedd15bf0026263a61b46142267e944d4095f43642d82c0835b8784601ae6b8affffec05a2cae33b5039fe5fc1271ad05093de23b7035801be2792444223697e9a6604ac38ef5dd422a51c7aa143042cc9015f727aa448aa95a62a5799d657d9ae61c7196eca3b664a7324eab2c2d789bc34386f50180f2785b9459b9d9213147273a03922482cb9608e22d13192bf8e0816519137fd55255039ed4836a8b4fa10b2ca9331c6c54df7de4b13a46079aaa13b4bea61627b5cc32bec17616420e861da99176a801c3d5c07612115b131396658e254bc5329c21bbe50c093669099ea4aa33b9cdc43bceef5b0e9bb754629de093bad41c8d113538642f10292f144f6025ca8d6079ae5b138ecaa5569bd9109ba588f2e6d230802ca10f23e3f088448c8b3ea29d19e66fad7e3d760767bf63c7b8a4cf7fecf905b139ef80cd635c4d88cdd3aa151bd3c021eeb1018d45172046e6c1b876631e71f382405c7401e229c0f14be2f00ddcc781188f708fb7c82aa281fee66804f690e86f36845c7226e22d985dc1d0a6dfdf34bd18f7451cece829d86398885617e3162a3859d31c1f389c758e351c19efa9c0a1be7bbeecc5f7e609195dfedc0d7f4644de3480c41d10e9d6f4da20f945443a5df56744e4bc2b223fdfea7e15918e97fed920b9688764feff2912f387f79506947847477d2b746c173771db89dc6b7fbf3ebcdeaf03103a9e4322c706ed0aff1e1fbebb524044b5c588ba5684e4fc3abfe302ca0fba2df38a09d63afe4dbfa367654c4a2e3be810bdc6b10d3f6840947ee61d94f6a3e3579545590ba8b4db7fdac6b9e30e2967f1567f70615da4eaf4489fdc266cd741d92af79b47cb4aa227fa3c55cd1470b5c35c5255a27c38c2ecb2b18503f87bedebb5900c40cbdaaede14dba502cbf16efdc6d61509af82889cba6480cd192e931b8b604bab06c8515329dfce0443bd9fcf5e7d01504b0304140002000800f9367a59fe389667ef010000c90700000d000000786c2f7374796c65732e786d6ced955d6bdb301486eff32b84ee17256de376c576e90681c15606cda0b7722427027d184b0ef17efd8e2cc5769bb6816eb9db4dfceae8e839c7e13d567ab75712ed786d85d1199e4f671871bd364ce84d867fad969f6e30b28e6a46a5d13cc32db7f82e9fa4d6b5923f6e39770808da6678eb5c754b885d6fb9a2766a2aae61a734b5a20e96f586d8aae694597f484972319b254451a1713e41a96ed452398bd6a6d12ec3973e880e61141edf1874985c6114a05f0d8386a061f266eee245eef4ddece4283ba6a724b6e77569f4d0e775ecd3077394dadf684725b0ba8350842a1e22f7b5a032044baa846c43f802fb08e98eff077d0c7473560efa62243b050b22d84348d9db637eb0070421bda2cef15a2f6185a25eb515584dc36c851aa44b9d44d1110b533318d097cc10ce53c94b47f2b4169bad7f3a53c16f619c330a04137463349520493ce1e191e9f59a4bf9e8a7f9a93caab12f470332f3e3a17b09ed4519606111c665cc3cd418e1af3f8c47fb72a8f30ee1ea3401d1aa92ed43a30a5e2fbbb1f7ef8d4e8017ff141cbf66e7412fce874ece851efdd3c95f81830747f6ebec7864f07e07f9b1cff083a7c85185a211d209fdaab93b36db0fbe3e5c178e1670393e2b085b8c97b4916ed56f6678d03f38138dfadc67fd143be362d6a0bffb219f275d99940c77703ef903504b0304140002000800f9367a59a92653e25a010000c2050000130000005b436f6e74656e745f54797065735d2e786d6ccd945d4fc2301885eff9154d6fcd56c0c418b3c1851f974a22fe80dabe630d5ddbf47d41f8f7769b1a35062490e8cd9aa53be7393bfd28a69bc6b2354434de957c940f3903a7bc366e51f2a7f95d76c91992745a5aefa0e45b403e9d0c8af93600b2247658f29a285c0981aa864662ee03b83453f9d8484aaf712182544bb900311e0e2f84f28ec05146ad079f0c182b1e52846834b0998c742f9b44121b2b281942ff1ce5c992b3eb5edbe24b2e43b046494ad9c5dae96fe0cc579551a0bd5a354992773667ad8bd8c544da5ac0a3691822488d35003536ef4d3fc16fa0922b4bec7693007df9112c1e867c6b354fcaee1bac4dd803d9fd5b7bcb79f171f9ecfdf2d4f5b463de48e3f6ac4fd2cfa20f2812ede80cd0d6a2416721594224f365857634d0c545d10de31357f1e17f7894f3ff1365f47751b09611f423c574859dfc187ff6feed56553ec2e139decf76abfe618316a2bb81278357504b0304140002000800f9367a598b93560bee000000610300001a000000786c2f5f72656c732f776f726b626f6f6b2e786d6c2e72656c73bdd3cd6ac3300c07f07b9ec2e8be38495919234e2f63d0ebd63d8071943834b18da57de4ed670aeb1a58e90ea5272319fffd43d8f5e66b1ac507461abc5350e6050874c6b783eb15bced9eef1e40106bd7ead13b543023c1a6c9ea171c35a733648740228538526099c3a394642c4e9a721fd0a59dcec749732a632f83367bdda3ac8a622de36906349958a48a6dab206edb1588dd1cf03fe9beeb06834fdebc4fe8f88f4be4a78f7bb2889c4275ec91151c5b240fcb2a4fa920e4394f75634f75c153ded8535ef0acafe921ab23b6af1cd37ba45fd3a2fde3116740f75705f13ce2a9e4501f4752cbc5c768b26f504b01020000140002000800f9367a597466697ca9010000c1030000100000000000000001008000000000000000646f6350726f70732f6170702e786d6c504b01020000140002000800f9367a59661213b8350100006e0200001100000000000000010080000000d7010000646f6350726f70732f636f72652e786d6c504b01020000140002000800f9367a59b61c4069ed000000560200000b000000000000000100800000003b0300005f72656c732f2e72656c73504b01020000140002000800f9367a59f0b039bf5d010000960200000f0000000000000001008000000051040000786c2f776f726b626f6f6b2e786d6c504b01020000140002000800f9367a59c53d720b34070000fb3900001800000000000000010080000000db050000786c2f776f726b7368656574732f7368656574312e786d6c504b01020000140002000800f9367a591557319615010000d10100001800000000000000010080000000450d0000786c2f776f726b7368656574732f7368656574322e786d6c504b01020000140002000800f9367a591557319615010000d10100001800000000000000010080000000900e0000786c2f776f726b7368656574732f7368656574332e786d6c504b01020000140002000800f9367a591b3af68496030000de0f00001400000000000000010080000000db0f0000786c2f736861726564537472696e67732e786d6c504b01020000140002000800f9367a59fe389667ef010000c90700000d00000000000000010080000000a3130000786c2f7374796c65732e786d6c504b01020000140002000800f9367a59a92653e25a010000c20500001300000000000000010080000000bd1500005b436f6e74656e745f54797065735d2e786d6c504b01020000140002000800f9367a598b93560bee000000610300001a0000000000000001008000000048170000786c2f5f72656c732f776f726b626f6f6b2e786d6c2e72656c73504b0506000000000b000b00cb0200006e1800000000, 'Vallar.xlsx', 'Instructor 1', '2024-2025', '1st Semester', '2024-12-01 21:51:30', 2024306578);

-- --------------------------------------------------------

--
-- Table structure for table `roles`
--

CREATE TABLE `roles` (
  `role_Id` int(11) NOT NULL,
  `role_Name` varchar(50) NOT NULL
) ENGINE=InnoDB DEFAULT CHARSET=utf8mb4 COLLATE=utf8mb4_general_ci;

--
-- Dumping data for table `roles`
--

INSERT INTO `roles` (`role_Id`, `role_Name`) VALUES
(1, 'Admin'),
(2, 'Staff'),
(3, 'Faculty'),
(4, 'HR');

-- --------------------------------------------------------

--
-- Table structure for table `roles_employee`
--

CREATE TABLE `roles_employee` (
  `employeeId` int(11) NOT NULL,
  `role_Id` int(11) NOT NULL
) ENGINE=InnoDB DEFAULT CHARSET=utf8mb4 COLLATE=utf8mb4_general_ci;

--
-- Dumping data for table `roles_employee`
--

INSERT INTO `roles_employee` (`employeeId`, `role_Id`) VALUES
(2024300987, 2),
(2024300987, 3),
(2024301568, 2),
(2024306578, 3),
(2024307241, 3),
(2024307278, 1),
(2024307278, 2),
(2024308743, 3),
(2024315634, 3);

--
-- Indexes for dumped tables
--

--
-- Indexes for table `employee`
--
ALTER TABLE `employee`
  ADD PRIMARY KEY (`employeeId`),
  ADD UNIQUE KEY `emailAddress` (`emailAddress`),
  ADD KEY `fk_role` (`role_Id`);

--
-- Indexes for table `faculty_dtr`
--
ALTER TABLE `faculty_dtr`
  ADD PRIMARY KEY (`dtr_Id`),
  ADD KEY `employeeId` (`employeeId`);

--
-- Indexes for table `faculty_load`
--
ALTER TABLE `faculty_load`
  ADD PRIMARY KEY (`itl_Id`),
  ADD KEY `fk_employeeId` (`employeeId`);

--
-- Indexes for table `roles`
--
ALTER TABLE `roles`
  ADD PRIMARY KEY (`role_Id`);

--
-- Indexes for table `roles_employee`
--
ALTER TABLE `roles_employee`
  ADD PRIMARY KEY (`employeeId`,`role_Id`),
  ADD KEY `role_Id` (`role_Id`);

--
-- AUTO_INCREMENT for dumped tables
--

--
-- AUTO_INCREMENT for table `faculty_dtr`
--
ALTER TABLE `faculty_dtr`
  MODIFY `dtr_Id` int(11) NOT NULL AUTO_INCREMENT;

--
-- AUTO_INCREMENT for table `faculty_load`
--
ALTER TABLE `faculty_load`
  MODIFY `itl_Id` int(11) NOT NULL AUTO_INCREMENT, AUTO_INCREMENT=9;

--
-- AUTO_INCREMENT for table `roles`
--
ALTER TABLE `roles`
  MODIFY `role_Id` int(11) NOT NULL AUTO_INCREMENT, AUTO_INCREMENT=5;

--
-- Constraints for dumped tables
--

--
-- Constraints for table `employee`
--
ALTER TABLE `employee`
  ADD CONSTRAINT `fk_role` FOREIGN KEY (`role_Id`) REFERENCES `roles_employee` (`role_Id`);

--
-- Constraints for table `faculty_dtr`
--
ALTER TABLE `faculty_dtr`
  ADD CONSTRAINT `faculty_dtr_ibfk_1` FOREIGN KEY (`employeeId`) REFERENCES `employee` (`employeeId`);

--
-- Constraints for table `faculty_load`
--
ALTER TABLE `faculty_load`
  ADD CONSTRAINT `fk_employeeId` FOREIGN KEY (`employeeId`) REFERENCES `employee` (`employeeId`) ON DELETE CASCADE ON UPDATE CASCADE;

--
-- Constraints for table `roles_employee`
--
ALTER TABLE `roles_employee`
  ADD CONSTRAINT `roles_employee_ibfk_1` FOREIGN KEY (`employeeId`) REFERENCES `employee` (`employeeId`),
  ADD CONSTRAINT `roles_employee_ibfk_2` FOREIGN KEY (`role_Id`) REFERENCES `roles` (`role_Id`);
COMMIT;

/*!40101 SET CHARACTER_SET_CLIENT=@OLD_CHARACTER_SET_CLIENT */;
/*!40101 SET CHARACTER_SET_RESULTS=@OLD_CHARACTER_SET_RESULTS */;
/*!40101 SET COLLATION_CONNECTION=@OLD_COLLATION_CONNECTION */;
